{"cameraMode":{"drawMode":0,"name":"Shaded","section":"Shading Mode"},"sceneLighting":false,"audioPlay":false,"sceneViewState":{"m_AlwaysRefresh":false,"showFog":true,"showSkybox":false,"showFlares":true,"showImageEffects":true,"showParticleSystems":true,"showVisualEffectGraphs":true,"m_FxEnabled":true},"in2DMode":false,"pivot":{"x":-1.1100001335144044,"y":0.9100000858306885,"z":1.13100004196167},"rotation":{"x":0.2550911009311676,"y":-0.020303450524806978,"z":0.0053576999343931679,"w":0.9666891098022461},"size":1.7320507764816285,"orthographic":false}