{"cameraMode":{"drawMode":0,"name":"Shaded","section":"Shading Mode"},"sceneLighting":false,"audioPlay":false,"sceneViewState":{"m_AlwaysRefresh":false,"showFog":true,"showSkybox":false,"showFlares":true,"showImageEffects":true,"showParticleSystems":true,"showVisualEffectGraphs":true,"m_FxEnabled":true},"in2DMode":false,"pivot":{"x":-3.6876537799835207,"y":1.0960450172424317,"z":-4.9768147468566898},"rotation":{"x":0.2550911009311676,"y":-0.020303450524806978,"z":0.0053576999343931679,"w":0.9666891098022461},"size":0.4330126941204071,"orthographic":false}