{"cameraMode":{"drawMode":0,"name":"Shaded","section":"Shading Mode"},"sceneLighting":true,"audioPlay":false,"sceneViewState":{"showFog":true,"showMaterialUpdate":false,"showSkybox":true,"showFlares":true,"showImageEffects":true,"showParticleSystems":true},"in2DMode":false,"pivot":{"x":3.117875576019287,"y":1.0562981367111207,"z":-0.3018162250518799},"rotation":{"x":0.18339543044567109,"y":0.025064559653401376,"z":-0.0046775732189416889,"w":0.9827083945274353},"size":1.9546916484832764,"orthographic":false}