{"cameraMode":{"drawMode":0,"name":"Shaded","section":"Shading Mode"},"sceneLighting":false,"audioPlay":false,"sceneViewState":{"showFog":true,"showMaterialUpdate":false,"showSkybox":false,"showFlares":true,"showImageEffects":true,"showParticleSystems":true},"in2DMode":false,"pivot":{"x":3.021202564239502,"y":5.6110148429870609,"z":-2.950744390487671},"rotation":{"x":-0.016539130359888078,"y":0.9645112752914429,"z":-0.2560648024082184,"w":-0.062297478318214419},"size":0.6123724579811096,"orthographic":true}