{"cameraMode":{"drawMode":0,"name":"Shaded","section":"Shading Mode"},"sceneLighting":false,"audioPlay":false,"sceneViewState":{"showFog":true,"showMaterialUpdate":false,"showSkybox":false,"showFlares":true,"showImageEffects":true,"showParticleSystems":true},"in2DMode":false,"pivot":{"x":-0.6700000166893005,"y":1.100000023841858,"z":-7.590000152587891},"rotation":{"x":0.1641930490732193,"y":0.5399518013000488,"z":-0.10833018273115158,"w":0.8183929920196533},"size":0.4330126941204071,"orthographic":false}